{"cameraMode":{"drawMode":0,"name":"Shaded","section":"Shading Mode"},"sceneLighting":false,"audioPlay":false,"sceneViewState":{"showFog":true,"showMaterialUpdate":false,"showSkybox":false,"showFlares":true,"showImageEffects":true,"showParticleSystems":true},"in2DMode":false,"pivot":{"x":-4.199999809265137,"y":1.2218222618103028,"z":-6.442705154418945},"rotation":{"x":-0.013586499728262425,"y":0.9745041131973267,"z":-0.2153613418340683,"w":-0.06147504970431328},"size":3.9165103435516359,"orthographic":false}