{"cameraMode":{"drawMode":0,"name":"Shaded","section":"Shading Mode"},"sceneLighting":true,"audioPlay":false,"sceneViewState":{"showFog":true,"showMaterialUpdate":false,"showSkybox":true,"showFlares":true,"showImageEffects":true,"showParticleSystems":true},"in2DMode":false,"pivot":{"x":-8.006393432617188,"y":0.8778986930847168,"z":-5.056388854980469},"rotation":{"x":-0.08234766870737076,"y":0.902159571647644,"z":-0.19905686378479005,"w":-0.37391287088394167},"size":2.376608371734619,"orthographic":true}