{"cameraMode":{"drawMode":0,"name":"Shaded","section":"Shading Mode"},"sceneLighting":false,"audioPlay":false,"sceneViewState":{"showFog":true,"showMaterialUpdate":false,"showSkybox":false,"showFlares":true,"showImageEffects":true,"showParticleSystems":true},"in2DMode":false,"pivot":{"x":-8.352897644042969,"y":-2.525336742401123,"z":7.3408050537109379},"rotation":{"x":0.436409592628479,"y":-0.5465660095214844,"z":0.40508517622947695,"w":0.588831901550293},"size":1.0999354124069214,"orthographic":false}