{"cameraMode":{"drawMode":0,"name":"Shaded","section":"Shading Mode"},"sceneLighting":true,"audioPlay":false,"sceneViewState":{"showFog":true,"showMaterialUpdate":false,"showSkybox":true,"showFlares":true,"showImageEffects":true,"showParticleSystems":true},"in2DMode":false,"pivot":{"x":-12.09495735168457,"y":0.31447669863700869,"z":-0.6524035930633545},"rotation":{"x":0.00598988588899374,"y":-0.9747946262359619,"z":0.22156591713428498,"w":0.02633548527956009},"size":3.6804192066192629,"orthographic":true}