{"cameraMode":{"drawMode":0,"name":"Shaded","section":"Shading Mode"},"sceneLighting":true,"audioPlay":false,"sceneViewState":{"showFog":true,"showMaterialUpdate":false,"showSkybox":true,"showFlares":true,"showImageEffects":true,"showParticleSystems":true},"in2DMode":false,"pivot":{"x":-15.0999116897583,"y":0.5200060606002808,"z":-8.85373306274414},"rotation":{"x":0.016154147684574128,"y":-0.9836823344230652,"z":0.13601289689540864,"w":0.11682653427124024},"size":4.689713478088379,"orthographic":false}