{"cameraMode":{"drawMode":0,"name":"Shaded","section":"Shading Mode"},"sceneLighting":false,"audioPlay":false,"sceneViewState":{"showFog":true,"showMaterialUpdate":false,"showSkybox":false,"showFlares":true,"showImageEffects":true,"showParticleSystems":true},"in2DMode":false,"pivot":{"x":-10.039007186889649,"y":0.4676702618598938,"z":7.649666786193848},"rotation":{"x":-0.15561345219612122,"y":0.7125532627105713,"z":-0.663413405418396,"w":-0.1671401560306549},"size":1.6749658584594727,"orthographic":true}