{"cameraMode":{"drawMode":0,"name":"Shaded","section":"Shading Mode"},"sceneLighting":false,"audioPlay":false,"sceneViewState":{"showFog":true,"showMaterialUpdate":false,"showSkybox":false,"showFlares":true,"showImageEffects":true,"showParticleSystems":true},"in2DMode":false,"pivot":{"x":1.1042709350585938,"y":4.673274993896484,"z":-0.11733627319335938},"rotation":{"x":-0.03759779781103134,"y":0.9614920020103455,"z":-0.17062175273895265,"w":-0.21238942444324494},"size":8.050289154052735,"orthographic":true}