{"cameraMode":{"drawMode":0,"name":"Shaded","section":"Shading Mode"},"sceneLighting":true,"audioPlay":false,"sceneViewState":{"showFog":true,"showMaterialUpdate":false,"showSkybox":true,"showFlares":true,"showImageEffects":true,"showParticleSystems":true},"in2DMode":false,"pivot":{"x":-13.434009552001954,"y":2.024005889892578,"z":-4.884002685546875},"rotation":{"x":0.010679715313017369,"y":0.9667200446128845,"z":-0.2523191571235657,"w":0.04091768339276314},"size":0.1733153611421585,"orthographic":false}