{"cameraMode":{"drawMode":0,"name":"Shaded","section":"Shading Mode"},"sceneLighting":false,"audioPlay":false,"sceneViewState":{"showFog":true,"showMaterialUpdate":false,"showSkybox":false,"showFlares":true,"showImageEffects":true,"showParticleSystems":true},"in2DMode":false,"pivot":{"x":-8.350834846496582,"y":-2.2953367233276369,"z":7.3408050537109379},"rotation":{"x":0.044419076293706897,"y":-0.9427531957626343,"z":0.29971009492874148,"w":0.1396276354789734},"size":1.4252371788024903,"orthographic":false}