{"cameraMode":{"drawMode":0,"name":"Shaded","section":"Shading Mode"},"sceneLighting":false,"audioPlay":false,"sceneViewState":{"showFog":true,"showMaterialUpdate":false,"showSkybox":false,"showFlares":true,"showImageEffects":true,"showParticleSystems":true},"in2DMode":false,"pivot":{"x":-8.354999542236329,"y":-2.1344997882843019,"z":8.149999618530274},"rotation":{"x":0.044419076293706897,"y":-0.9427531957626343,"z":0.29971009492874148,"w":0.1396276354789734},"size":0.13382038474082948,"orthographic":false}