{"cameraMode":{"drawMode":0,"name":"Shaded","section":"Shading Mode"},"sceneLighting":true,"audioPlay":false,"sceneViewState":{"showFog":true,"showMaterialUpdate":false,"showSkybox":true,"showFlares":true,"showImageEffects":true,"showParticleSystems":true},"in2DMode":false,"pivot":{"x":-6.597674369812012,"y":0.9646551012992859,"z":5.495811462402344},"rotation":{"x":0.3817457854747772,"y":-0.5444638133049011,"z":0.30474624037742617,"w":0.6819384098052979},"size":8.387675285339356,"orthographic":false}