{"cameraMode":{"drawMode":0,"name":"Shaded","section":"Shading Mode"},"sceneLighting":false,"audioPlay":false,"sceneViewState":{"showFog":true,"showMaterialUpdate":false,"showSkybox":false,"showFlares":true,"showImageEffects":true,"showParticleSystems":true},"in2DMode":false,"pivot":{"x":-8.537258011642735e-9,"y":0.025714874267578126,"z":-0.000002691792587938835},"rotation":{"x":-0.0001369415404042229,"y":-0.9998123049736023,"z":-0.01918940804898739,"w":0.007234239485114813},"size":10.0,"orthographic":false}