{"cameraMode":{"drawMode":0,"name":"Shaded","section":"Shading Mode"},"sceneLighting":true,"audioPlay":false,"sceneViewState":{"showFog":true,"showMaterialUpdate":false,"showSkybox":true,"showFlares":true,"showImageEffects":true,"showParticleSystems":true},"in2DMode":false,"pivot":{"x":-34.252262115478519,"y":-17.529876708984376,"z":-1.6384015083312989},"rotation":{"x":-0.4883928894996643,"y":0.4822705388069153,"z":-0.37973934412002566,"w":-0.620263397693634},"size":35.92018508911133,"orthographic":false}