{"cameraMode":{"drawMode":0,"name":"Shaded","section":"Shading Mode"},"sceneLighting":false,"audioPlay":false,"sceneViewState":{"showFog":true,"showMaterialUpdate":false,"showSkybox":false,"showFlares":true,"showImageEffects":true,"showParticleSystems":true},"in2DMode":false,"pivot":{"x":0.053942203521728519,"y":0.28985795378685,"z":-0.06818556785583496},"rotation":{"x":-0.0340024009346962,"y":0.9645071029663086,"z":-0.21043214201927186,"w":-0.15584860742092133},"size":0.4549125134944916,"orthographic":false}