{"cameraMode":{"drawMode":0,"name":"Shaded","section":"Shading Mode"},"sceneLighting":true,"audioPlay":false,"sceneViewState":{"showFog":true,"showMaterialUpdate":false,"showSkybox":true,"showFlares":true,"showImageEffects":true,"showParticleSystems":true},"in2DMode":false,"pivot":{"x":413.7211608886719,"y":430.98504638671877,"z":-85.2186279296875},"rotation":{"x":0.015206395648419857,"y":-0.984805703163147,"z":0.12135788798332215,"w":0.12363757193088532},"size":426.6263427734375,"orthographic":false}