{"cameraMode":{"drawMode":0,"name":"Shaded","section":"Shading Mode"},"sceneLighting":false,"audioPlay":false,"sceneViewState":{"showFog":true,"showMaterialUpdate":false,"showSkybox":false,"showFlares":true,"showImageEffects":true,"showParticleSystems":true},"in2DMode":false,"pivot":{"x":-214.24606323242188,"y":-163.71014404296876,"z":-25.190834045410158},"rotation":{"x":0.21213985979557038,"y":-0.7869407534599304,"z":0.4305538535118103,"w":0.38784801959991457},"size":0.4575135111808777,"orthographic":false}